н,дкн,гам,монте
0,"1,00",1.0,
1,"1,01",1.0,
2,"1,03",1.02,
3,1.08,1.02,
4,1.1506849315068493,1.02,
5,1.2638888888888888,1.04,
6,1.3194444444444444,1.06,
7,1.5,1.07,
8,1.6527777777777777,1.09,
9,1.7222222222222223,1.1,
10,1.7916666666666667,1.1,
11,1.9305555555555556,1.11,
12,2.0416666666666665,1.12,
13,2.111111111111111,1.13,
14,2.2222222222222223,1.17,
15,2.3194444444444446,1.18,
16,2.4444444444444446,1.19,
17,2.513888888888889,1.2,
18,2.5416666666666665,1.2,
19,2.6805555555555554,1.21,
20,2.7916666666666665,1.22,
21,2.9027777777777777,1.23,
22,2.986111111111111,1.24,
23,3.0833333333333335,1.24,
24,3.1527777777777777,1.26,
25,3.25,1.28,
26,3.4027777777777777,1.3,
27,3.5,1.31,
28,3.5694444444444446,1.32,
29,3.704225352112676,1.33,
30,3.8714285714285714,1.35,
31,3.9571428571428573,1.35,
32,4.071428571428571,1.35,
33,4.185714285714286,1.36,
34,4.285714285714286,1.42,
35,4.4714285714285715,1.44,
36,4.5285714285714285,1.46,
37,4.614285714285714,1.49,
38,4.7,1.51,
39,4.828571428571428,1.53,
40,4.884057971014493,1.56,
41,5.014705882352941,1.59,
42,5.117647058823529,1.59,
43,5.176470588235294,1.61,
44,5.268656716417911,1.65,
45,5.393939393939394,1.65,
46,5.538461538461538,1.66,
47,5.625,1.67,
48,5.671875,1.67,
49,5.765625,1.68,
50,5.859375,1.7,
51,5.90625,1.74,
52,5.96875,1.76,
53,6.09375,1.77,
54,6.28125,1.77,
55,6.338709677419355,1.8,
56,6.387096774193548,1.8,
57,6.467741935483871,1.84,
58,6.540983606557377,1.86,
59,6.60655737704918,1.87,
60,6.672131147540983,1.89,
61,6.8,1.9,
62,6.983050847457627,1.92,
63,7.084745762711864,1.95,
64,7.155172413793103,2.0,
65,7.245614035087719,2.0,
66,7.333333333333333,2.01,
67,7.4035087719298245,2.04,
68,7.578947368421052,2.05,
69,7.642857142857143,2.05,
70,7.6909090909090905,2.06,
71,7.709090909090909,2.08,
72,7.781818181818182,2.09,
73,7.8545454545454545,2.12,
74,7.927272727272728,2.15,
75,7.944444444444445,2.17,
76,8.0,2.19,
77,8.092592592592593,2.19,
78,8.148148148148149,2.21,
79,8.203703703703704,2.22,
80,8.296296296296296,2.22,
81,8.407407407407407,2.25,
82,8.518518518518519,2.3,
83,8.592592592592593,2.35,
84,8.641509433962264,2.37,
85,8.754716981132075,2.37,
86,8.773584905660377,2.38,
87,8.830188679245284,2.45,
88,8.867924528301886,2.49,
89,8.943396226415095,2.49,
90,9.075471698113208,2.51,
91,9.076923076923077,2.57,
92,9.098039215686274,2.6,
93,9.156862745098039,2.62,
94,9.254901960784315,2.66,
95,9.294117647058824,2.68,
96,9.352941176470589,2.69,
97,9.450980392156863,2.71,
98,9.549019607843137,2.73,
99,9.627450980392156,2.77,
100,9.686274509803921,2.79,
101,9.78,2.84,
102,9.84,2.86,
103,9.94,2.89,
104,10.02,2.9,
105,10.041666666666666,2.9393939393939394,
106,10.125,2.9494949494949494,
107,10.3125,2.9696969696969697,
108,10.304347826086957,3.0,
109,10.4,3.04040404040404,
110,10.477272727272727,3.04040404040404,
111,10.488372093023257,3.0606060606060606,
112,10.390243902439025,3.111111111111111,
113,10.45,3.1515151515151514,
114,10.512820512820513,3.1717171717171717,
115,10.58974358974359,3.202020202020202,
116,10.717948717948717,3.2323232323232323,
117,10.794871794871796,3.303030303030303,
118,10.891891891891891,3.323232323232323,
119,10.91891891891892,3.3333333333333335,
120,11.162162162162161,3.3535353535353534,
121,11.216216216216216,3.3636363636363638,
122,11.324324324324325,3.3636363636363638,
123,11.378378378378379,3.3838383838383836,
124,11.54054054054054,3.3838383838383836,
125,11.64864864864865,3.393939393939394,
126,11.72972972972973,3.414141414141414,
127,11.81081081081081,3.414141414141414,
128,11.944444444444445,3.4343434343434343,
129,12.027777777777779,3.4646464646464645,
130,12.055555555555555,3.484848484848485,
131,12.13888888888889,3.525252525252525,
132,12.194444444444445,3.5454545454545454,
133,12.277777777777779,3.585858585858586,
134,12.333333333333334,3.6464646464646466,
135,12.38888888888889,3.6464646464646466,
136,12.5,3.707070707070707,
137,12.583333333333334,3.707070707070707,
138,12.666666666666666,3.717171717171717,
139,12.82857142857143,3.7373737373737375,
140,12.82857142857143,3.7474747474747474,
141,12.942857142857143,3.7676767676767677,
142,12.971428571428572,3.7676767676767677,
143,13.114285714285714,3.808080808080808,
144,13.17142857142857,3.8282828282828283,
145,13.257142857142858,3.8383838383838382,
146,13.285714285714286,3.8383838383838382,
147,13.352941176470589,3.8686868686868685,
148,13.352941176470589,3.909090909090909,
149,13.382352941176471,3.909090909090909,
150,13.411764705882353,3.9292929292929295,
151,13.441176470588236,3.9696969696969697,
152,13.588235294117647,4.02020202020202,
153,13.705882352941176,4.05050505050505,
154,13.735294117647058,4.090909090909091,
155,13.852941176470589,4.101010101010101,
156,13.941176470588236,4.121212121212121,
157,14.088235294117647,4.121212121212121,
158,14.088235294117647,4.121212121212121,
159,14.147058823529411,4.141414141414141,
160,14.235294117647058,4.141414141414141,
161,14.382352941176471,4.171717171717172,
162,14.441176470588236,4.202020202020202,
163,14.588235294117647,4.202020202020202,
164,14.575757575757576,4.242424242424242,
165,14.696969696969697,4.242424242424242,
166,14.696969696969697,4.262626262626263,
167,14.757575757575758,4.282828282828283,
168,14.757575757575758,4.292929292929293,
169,14.818181818181818,4.303030303030303,
170,14.909090909090908,4.3232323232323235,
171,15.030303030303031,4.333333333333333,
172,15.06060606060606,4.343434343434343,
173,15.09375,4.363636363636363,
174,15.096774193548388,4.424242424242424,
175,15.193548387096774,4.434343434343434,
176,15.32258064516129,4.474747474747475,
177,15.32258064516129,4.494949494949495,
178,15.483870967741936,4.505050505050505,
179,15.548387096774194,4.5353535353535355,
180,15.548387096774194,4.545454545454546,
181,15.709677419354838,4.575757575757576,
182,15.741935483870968,4.626262626262626,
183,15.870967741935484,4.666666666666667,
184,15.903225806451612,4.6767676767676765,
185,15.96774193548387,4.707070707070707,
186,16.0,4.747474747474747,
187,16.06451612903226,4.787878787878788,
188,16.129032258064516,4.818181818181818,
189,16.193548387096776,4.838383838383838,
190,16.258064516129032,4.858585858585859,
191,16.322580645161292,4.878787878787879,
192,16.387096774193548,4.91919191919192,
193,16.433333333333334,4.9393939393939394,
194,16.533333333333335,4.96969696969697,
195,16.655172413793103,5.03030303030303,
196,16.724137931034484,5.03030303030303,
197,16.785714285714285,5.040404040404041,
198,16.88888888888889,5.05050505050505,
199,17.0,5.0606060606060606,
200,17.074074074074073,5.070707070707071,
201,17.14814814814815,5.111111111111111,
202,17.25925925925926,5.121212121212121,
203,17.333333333333332,5.1313131313131315,
204,17.37037037037037,5.191919191919192,
205,17.40740740740741,5.232323232323233,
206,17.40740740740741,5.242424242424242,
207,17.444444444444443,5.262626262626263,
208,17.48148148148148,5.282828282828283,
209,17.615384615384617,5.303030303030303,
210,17.653846153846153,5.313131313131313,
211,17.76923076923077,5.3232323232323235,
212,17.807692307692307,5.3232323232323235,
213,17.884615384615383,5.363636363636363,
214,17.923076923076923,5.363636363636363,
215,17.96153846153846,5.383838383838384,
216,18.12,5.393939393939394,
217,18.12,5.434343434343434,
218,18.24,5.474747474747475,
219,18.32,5.505050505050505,
220,18.48,5.5353535353535355,
221,18.48,5.545454545454546,
222,18.64,5.565656565656566,
223,18.64,5.595959595959596,
224,18.68,5.606060606060606,
225,18.8,5.646464646464646,
226,18.88,5.666666666666667,
227,18.96,5.707070707070707,
228,18.96,5.717171717171717,
229,19.08,5.7272727272727275,
230,19.08,5.737373737373737,
231,19.12,5.757575757575758,
232,19.16,5.767676767676767,
233,19.24,5.787878787878788,
234,19.24,5.818181818181818,
235,19.28,5.858585858585859,
236,19.36,5.909090909090909,
237,19.36,5.9393939393939394,
238,19.36,5.97979797979798,
239,19.36,5.98989898989899,
240,19.36,6.01010101010101,
241,19.4,6.05050505050505,
242,19.541666666666668,6.101010101010101,
243,19.625,6.101010101010101,
244,19.666666666666668,6.171717171717172,
245,19.782608695652176,6.202020202020202,
246,19.59090909090909,6.242424242424242,
247,19.59090909090909,6.262626262626263,
248,19.45,6.2727272727272725,
249,19.473684210526315,6.3232323232323235,
250,19.22222222222222,6.333333333333333,
251,19.22222222222222,6.353535353535354,
252,19.27777777777778,6.363636363636363,
253,19.333333333333332,6.383838383838384,
254,19.38888888888889,6.393939393939394,
255,19.444444444444443,6.428571428571429,
256,19.647058823529413,6.428571428571429,
257,19.764705882352942,6.469387755102041,
258,19.823529411764707,6.479591836734694,
259,19.88235294117647,6.510204081632653,
260,19.875,6.530612244897959,
261,19.9375,6.571428571428571,
262,20.0,6.591836734693878,
263,20.0625,6.622448979591836,
264,20.125,6.642857142857143,
265,20.25,6.663265306122449,
266,20.375,6.724489795918367,
267,20.4375,6.744897959183674,
268,20.5,6.775510204081633,
269,20.5625,6.785714285714286,
270,20.5625,6.795918367346939,
271,20.6,6.846938775510204,
272,20.666666666666668,6.846938775510204,
273,20.666666666666668,6.846938775510204,
274,20.8,6.86734693877551,
275,21.066666666666666,6.918367346938775,
276,21.066666666666666,6.948979591836735,
277,21.133333333333333,6.979591836734694,
278,21.133333333333333,7.010204081632653,
279,21.2,7.040816326530612,
280,21.2,7.081632653061225,
281,21.2,7.091836734693878,
282,21.2,7.091836734693878,
283,21.2,7.122448979591836,
284,21.333333333333332,7.163265306122449,
285,21.4,7.1938775510204085,
286,21.533333333333335,7.214285714285714,
287,21.533333333333335,7.255102040816326,
288,21.533333333333335,7.275510204081633,
289,21.666666666666668,7.295918367346939,
290,21.666666666666668,7.316326530612245,
291,21.571428571428573,7.336734693877551,
292,21.571428571428573,7.346938775510204,
293,21.333333333333332,7.3979591836734695,
294,21.454545454545453,7.418367346938775,
295,21.7,7.448979591836735,
296,21.8,7.459183673469388,
297,21.77777777777778,7.5,
298,21.88888888888889,7.540816326530612,
299,22.0,7.561224489795919,
300,22.11111111111111,7.6020408163265305,
301,22.0,7.6020408163265305,
302,22.0,7.622448979591836,
303,22.0,7.63265306122449,
304,22.0,7.683673469387755,
305,22.25,7.683673469387755,
306,22.25,7.704081632653061,
307,22.25,7.714285714285714,
308,22.25,7.724489795918367,
309,22.25,7.744897959183674,
310,22.375,7.76530612244898,
311,22.375,7.775510204081633,
312,22.285714285714285,7.785714285714286,
313,22.428571428571427,7.8061224489795915,
314,22.428571428571427,7.86734693877551,
315,22.571428571428573,7.877551020408164,
316,22.571428571428573,7.8979591836734695,
317,22.571428571428573,7.908163265306122,
318,22.571428571428573,7.918367346938775,
319,22.571428571428573,7.928571428571429,
320,22.714285714285715,7.969387755102041,
321,22.714285714285715,7.969387755102041,
322,21.833333333333332,8.010204081632653,
323,21.833333333333332,8.020408163265307,
324,22.333333333333332,8.071428571428571,
325,22.333333333333332,8.112244897959183,
326,22.333333333333332,8.13265306122449,
327,22.333333333333332,8.153061224489797,
328,22.333333333333332,8.173469387755102,
329,22.5,8.173469387755102,
330,22.5,8.173469387755102,
331,22.5,8.173469387755102,
332,22.5,8.193877551020408,
333,22.666666666666668,8.23469387755102,
334,22.666666666666668,8.244897959183673,
335,23.0,8.26530612244898,
336,23.0,8.295918367346939,
337,23.0,8.346938775510203,
338,23.2,8.357142857142858,
339,23.2,8.387755102040817,
340,23.0,8.39795918367347,
341,23.0,8.418367346938776,
342,23.0,8.46938775510204,
343,23.0,8.46938775510204,
344,23.0,8.46938775510204,
345,23.0,8.479591836734693,
346,23.0,8.489795918367347,
347,23.333333333333332,8.510204081632653,
348,23.333333333333332,8.551020408163266,
349,23.0,8.561224489795919,
350,23.0,8.60204081632653,
351,21.0,8.63265306122449,
352,21.0,8.642857142857142,
353,21.0,8.653061224489797,
354,21.0,8.693877551020408,
355,21.0,8.704081632653061,
356,21.0,8.724489795918368,
357,21.0,8.744897959183673,
358,21.0,8.755102040816327,
359,21.0,8.775510204081632,
360,21.0,8.826530612244898,
361,21.0,8.846938775510203,
362,21.0,8.857142857142858,
363,21.0,8.89795918367347,
364,21.0,8.918367346938776,
365,21.0,8.948979591836734,
366,21.0,8.979591836734693,
367,21.0,9.03061224489796,
368,21.0,9.051020408163266,
369,21.0,9.081632653061224,
370,22.0,9.13265306122449,
371,22.0,9.153061224489797,
372,22.0,9.183673469387756,
373,23.0,9.23469387755102,
374,23.0,9.255102040816327,
375,23.0,9.295918367346939,
376,23.0,9.316326530612244,
377,23.0,9.346938775510203,
378,23.0,9.36734693877551,
379,,9.387755102040817,
380,,9.418367346938776,
381,,9.418367346938776,
382,,9.448979591836734,
383,,9.479591836734693,
384,,9.5,
385,,9.540816326530612,
386,,9.571428571428571,
387,,9.581632653061224,
388,,9.60204081632653,
389,,9.622448979591837,
390,,9.653061224489797,
391,,9.673469387755102,
392,,9.704081632653061,
393,,9.714285714285714,
394,,9.744897959183673,
395,,9.775510204081632,
396,,9.816326530612244,
397,,9.83673469387755,
398,,9.857142857142858,
399,,9.86734693877551,
400,,9.908163265306122,
401,,9.938775510204081,
402,,9.938775510204081,
403,,9.948979591836734,
404,,9.96938775510204,
405,,10.0,
406,,10.03061224489796,
407,,10.03061224489796,
408,,10.040816326530612,
409,,10.081632653061224,
410,,10.112244897959183,
411,,10.112244897959183,
412,,10.153061224489797,
413,,10.183673469387756,
414,,10.183673469387756,
415,,10.204081632653061,
416,,10.23469387755102,
417,,10.275510204081632,
418,,10.285714285714286,
419,,10.316326530612244,
420,,10.316326530612244,
421,,10.316326530612244,
422,,10.357142857142858,
423,,10.377551020408163,
424,,10.387755102040817,
425,,10.39795918367347,
426,,10.428571428571429,
427,,10.459183673469388,
428,,10.459183673469388,
429,,10.46938775510204,
430,,10.5,
431,,10.540816326530612,
432,,10.591836734693878,
433,,10.612244897959183,
434,,10.642857142857142,
435,,10.66326530612245,
436,,10.683673469387756,
437,,10.724489795918368,
438,,10.73469387755102,
439,,10.76530612244898,
440,,10.795918367346939,
441,,10.795918367346939,
442,,10.826530612244898,
443,,10.846938775510203,
444,,10.887755102040817,
445,,10.908163265306122,
446,,10.918367346938776,
447,,10.938775510204081,
448,,10.948979591836734,
449,,10.989795918367347,
450,,11.010204081632653,
451,,11.051020408163266,
452,,11.061224489795919,
453,,11.061224489795919,
454,,11.081632653061224,
455,,11.112244897959183,
456,,11.112244897959183,
457,,11.112244897959183,
458,,11.142857142857142,
459,,11.183673469387756,
460,,11.183673469387756,
461,,11.23469387755102,
462,,11.23469387755102,
463,,11.26530612244898,
464,,11.285714285714286,
465,,11.295918367346939,
466,,11.295918367346939,
467,,11.316326530612244,
468,,11.391752577319588,
469,,11.402061855670103,
470,,11.402061855670103,
471,,11.412371134020619,
472,,11.412371134020619,
473,,11.422680412371134,
474,,11.45360824742268,
475,,11.463917525773196,
476,,11.463917525773196,
477,,11.505154639175258,
478,,11.505154639175258,
479,,11.525773195876289,
480,,11.54639175257732,
481,,11.54639175257732,
482,,11.577319587628866,
483,,11.628865979381443,
484,,11.639175257731958,
485,,11.649484536082474,
486,,11.649484536082474,
487,,11.670103092783505,
488,,11.711340206185566,
489,,11.742268041237113,
490,,11.77319587628866,
491,,11.783505154639176,
492,,11.804123711340207,
493,,11.835051546391753,
494,,11.907216494845361,
495,,11.917525773195877,
496,,11.948453608247423,
497,,11.97938144329897,
498,,12.02061855670103,
499,,12.061855670103093,
500,,12.092783505154639,
,,12.092783505154639,
,,12.092783505154639,
,,12.123711340206185,
,,12.144329896907216,
,,12.164948453608247,
,,12.125,
,,12.135416666666666,
,,12.166666666666666,
,,12.166666666666666,
,,12.1875,
,,12.208333333333334,
,,12.208333333333334,
,,12.21875,
,,12.25,
,,12.270833333333334,
,,12.291666666666666,
,,12.322916666666666,
,,12.364583333333334,
,,12.385416666666666,
,,12.40625,
,,12.447916666666666,
,,12.458333333333334,
,,12.510416666666666,
,,12.552083333333334,
,,12.572916666666666,
,,12.572916666666666,
,,12.614583333333334,
,,12.65625,
,,12.6875,
,,12.71875,
,,12.75,
,,12.760416666666666,
,,12.802083333333334,
,,12.802083333333334,
,,12.854166666666666,
,,12.875,
,,12.895833333333334,
,,12.90625,
,,12.947916666666666,
,,12.947916666666666,
,,13.0,
,,13.020833333333334,
,,13.03125,
,,13.0625,
,,13.09375,
,,13.125,
,,13.135416666666666,
,,13.145833333333334,
,,13.15625,
,,13.166666666666666,
,,13.1875,
,,13.1875,
,,13.208333333333334,
,,13.208333333333334,
,,13.229166666666666,
,,13.25,
,,13.25,
,,13.25,
,,13.25,
,,13.28125,
,,13.322916666666666,
,,13.364583333333334,
,,13.40625,
,,13.416666666666666,
,,13.427083333333334,
,,13.4375,
,,13.489583333333334,
,,13.5,
,,13.510416666666666,
,,13.541666666666666,
,,13.5625,
,,13.604166666666666,
,,13.625,
,,13.65625,
,,13.6875,
,,13.697916666666666,
,,13.708333333333334,
,,13.75,
,,13.802083333333334,
,,13.822916666666666,
,,13.875,
,,13.927083333333334,
,,13.958333333333334,
,,13.979166666666666,
,,14.0,
,,14.020833333333334,
,,14.052083333333334,
,,14.09375,
,,14.125,
,,14.135416666666666,
,,14.15625,
,,14.197916666666666,
,,14.239583333333334,
,,14.260416666666666,
,,14.302083333333334,
,,14.302083333333334,
,,14.3125,
,,14.34375,
,,14.375,
,,14.40625,
,,14.479166666666666,
,,14.5,
,,14.510416666666666,
,,14.510416666666666,
,,14.541666666666666,
,,14.5625,
,,14.572916666666666,
,,14.59375,
,,14.604166666666666,
,,14.614583333333334,
,,14.625,
,,14.645833333333334,
,,14.666666666666666,
,,14.6875,
,,14.6875,
,,14.71875,
,,14.75,
,,14.75,
,,14.78125,
,,14.802083333333334,
,,14.84375,
,,14.854166666666666,
,,14.864583333333334,
,,14.864583333333334,
,,14.895833333333334,
,,14.916666666666666,
,,14.96875,
,,14.979166666666666,
,,15.03125,
,,15.03125,
,,15.041666666666666,
,,15.072916666666666,
,,15.104166666666666,
,,15.125,
,,15.135416666666666,
,,15.145833333333334,
,,15.15625,
,,15.177083333333334,
,,15.1875,
,,15.25,
,,15.260416666666666,
,,15.270833333333334,
,,15.302083333333334,
,,15.333333333333334,
,,15.364583333333334,
,,15.375,
,,15.40625,
,,15.427083333333334,
,,15.458333333333334,
,,15.46875,
,,15.479166666666666,
,,15.520833333333334,
,,15.5625,
,,15.5625,
,,15.583333333333334,
,,15.604166666666666,
,,15.614583333333334,
,,15.65625,
,,15.666666666666666,
,,15.71875,
,,15.739583333333334,
,,15.760416666666666,
,,15.791666666666666,
,,15.8125,
,,15.822916666666666,
,,15.833333333333334,
,,15.854166666666666,
,,15.875,
,,15.895833333333334,
,,15.947916666666666,
,,15.989583333333334,
,,16.0,
,,16.041666666666668,
,,16.0625,
,,16.083333333333332,
,,16.09375,
,,16.135416666666668,
,,16.15625,
,,16.166666666666668,
,,16.197916666666668,
,,16.239583333333332,
,,16.270833333333332,
,,16.291666666666668,
,,16.302083333333332,
,,16.322916666666668,
,,16.364583333333332,
,,16.375,
,,16.40625,
,,16.4375,
,,16.5,
,,16.520833333333332,
,,16.583333333333332,
,,16.635416666666668,
,,16.645833333333332,
,,16.645833333333332,
,,16.666666666666668,
,,16.6875,
,,16.708333333333332,
,,16.729166666666668,
,,16.739583333333332,
,,16.791666666666668,
,,16.84375,
,,16.885416666666668,
,,16.885416666666668,
,,16.916666666666668,
,,16.927083333333332,
,,16.947916666666668,
,,16.989583333333332,
,,17.03125,
,,17.052083333333332,
,,17.09375,
,,17.135416666666668,
,,17.145833333333332,
,,17.1875,
,,17.208333333333332,
,,17.229166666666668,
,,17.239583333333332,
,,17.25,
,,17.28125,
,,17.291666666666668,
,,17.302083333333332,
,,17.333333333333332,
,,17.364583333333332,
,,17.416666666666668,
,,17.458333333333332,
,,17.46875,
,,17.479166666666668,
,,17.479166666666668,
,,17.489583333333332,
,,17.520833333333332,
,,17.541666666666668,
,,17.552083333333332,
,,17.5625,
,,17.583333333333332,
,,17.625,
,,17.65625,
,,17.677083333333332,
,,17.708333333333332,
,,17.708333333333332,
,,17.739583333333332,
,,17.760416666666668,
,,17.78125,
,,17.78125,
,,17.8125,
,,17.864583333333332,
,,17.90625,
,,17.927083333333332,
,,17.927083333333332,
,,17.9375,
,,17.96875,
,,17.989583333333332,
,,18.020833333333332,
,,18.0625,
,,18.114583333333332,
,,18.135416666666668,
,,18.166666666666668,
,,18.197916666666668,
,,18.260416666666668,
,,18.28125,
,,18.302083333333332,
,,18.3125,
,,18.3125,
,,18.322916666666668,
,,18.322916666666668,
,,18.34375,
,,18.375,
,,18.40625,
,,18.416666666666668,
,,18.416666666666668,
,,18.46875,
,,18.479166666666668,
,,18.520833333333332,
,,18.53125,
,,18.541666666666668,
,,18.572916666666668,
,,18.604166666666668,
,,18.65625,
,,18.6875,
,,18.697916666666668,
,,18.697916666666668,
,,18.708333333333332,
,,18.739583333333332,
,,18.739583333333332,
,,18.791666666666668,
,,18.822916666666668,
,,18.854166666666668,
,,18.895833333333332,
,,18.90625,
,,18.958333333333332,
,,19.0,
,,19.020833333333332,
,,19.052083333333332,
,,19.083333333333332,
,,19.083333333333332,
,,19.104166666666668,
,,19.135416666666668,
,,19.135416666666668,
,,19.145833333333332,
,,19.15625,
,,19.1875,
,,19.21875,
,,19.239583333333332,
,,19.291666666666668,
,,19.3125,
,,19.3125,
,,19.322916666666668,
,,19.34375,
,,19.375,
,,19.40625,
,,19.447916666666668,
,,19.458333333333332,
,,19.46875,
,,19.479166666666668,
,,19.520833333333332,
,,19.53125,
,,19.552083333333332,
,,19.59375,
,,19.63157894736842,
,,19.642105263157895,
,,19.66315789473684,
,,19.694736842105264,
,,19.71578947368421,
,,19.736842105263158,
,,19.736842105263158,
,,19.74736842105263,
,,19.757894736842104,
,,19.778947368421054,
,,19.83157894736842,
,,19.86315789473684,
,,19.905263157894737,
,,19.926315789473684,
,,19.936842105263157,
,,19.936842105263157,
,,19.957894736842107,
,,19.978947368421053,
,,19.989473684210527,
,,20.03157894736842,
,,20.063157894736843,
,,20.126315789473683,
,,20.178947368421053,
,,20.189473684210526,
,,20.2,
,,20.221052631578946,
,,20.231578947368423,
,,20.25263157894737,
,,20.294736842105262,
,,20.326315789473686,
,,20.357894736842105,
,,20.378947368421052,
,,20.389473684210525,
,,20.4,
,,20.4,
,,20.42105263157895,
,,20.46315789473684,
,,20.48421052631579,
,,20.51578947368421,
,,20.526315789473685,
,,20.54736842105263,
,,20.589473684210525,
,,20.589473684210525,
,,20.673684210526314,
,,20.694736842105264,
,,20.694736842105264,
,,20.71578947368421,
,,20.757894736842104,
,,20.757894736842104,
,,20.778947368421054,
,,20.810526315789474,
,,20.86315789473684,
,,20.873684210526317,
,,20.936842105263157,
,,20.957894736842107,
,,21.0,
,,21.010526315789473,
,,21.042105263157893,
,,21.08421052631579,
,,21.105263157894736,
,,21.126315789473683,
,,21.16842105263158,
,,21.210526315789473,
,,21.242105263157896,
,,21.25263157894737,
,,21.263157894736842,
,,21.294736842105262,
,,21.31578947368421,
,,21.326315789473686,
,,21.326315789473686,
,,21.33684210526316,
,,21.347368421052632,
,,21.347368421052632,
,,21.389473684210525,
,,21.42105263157895,
,,21.46315789473684,
,,21.49473684210526,
,,21.53684210526316,
,,21.54736842105263,
,,21.568421052631578,
,,21.6,
,,21.642105263157895,
,,21.68421052631579,
,,21.705263157894738,
,,21.757894736842104,
,,21.789473684210527,
,,21.789473684210527,
,,21.821052631578947,
,,21.86315789473684,
,,21.904255319148938,
,,21.925531914893618,
,,21.9468085106383,
,,21.97872340425532,
,,22.0,
,,22.02127659574468,
,,22.074468085106382,
,,22.095744680851062,
,,22.106382978723403,
,,22.127659574468087,
,,22.170212765957448,
,,22.20212765957447,
,,22.20212765957447,
,,22.23404255319149,
,,22.27659574468085,
,,22.29787234042553,
,,22.319148936170212,
,,22.361702127659573,
,,22.361702127659573,
,,22.382978723404257,
,,22.382978723404257,
,,22.393617021276597,
,,22.425531914893618,
,,22.43617021276596,
,,22.45744680851064,
,,22.46808510638298,
,,22.47872340425532,
,,22.47872340425532,
,,22.51063829787234,
,,22.5531914893617,
,,22.585106382978722,
,,22.680851063829788,
,,22.69148936170213,
,,22.69148936170213,
,,22.70212765957447,
,,22.70212765957447,
,,22.71276595744681,
,,22.73404255319149,
,,22.74468085106383,
,,22.76595744680851,
,,22.79787234042553,
,,22.840425531914892,
,,22.840425531914892,
,,22.840425531914892,
,,22.904255319148938,
,,22.9468085106383,
,,22.95744680851064,
,,22.95744680851064,
,,22.98936170212766,
,,23.01063829787234,
,,23.03191489361702,
,,23.06382978723404,
,,23.095744680851062,
,,23.117021276595743,
,,23.138297872340427,
,,23.170212765957448,
,,23.180851063829788,
,,23.182795698924732,
,,23.236559139784948,
,,23.27956989247312,
,,23.311827956989248,
,,23.35483870967742,
,,23.376344086021504,
,,23.397849462365592,
,,23.440860215053764,
,,23.516129032258064,
,,23.548387096774192,
,,23.559139784946236,
,,23.580645161290324,
,,23.623655913978496,
,,23.666666666666668,
,,23.688172043010752,
,,23.731182795698924,
,,23.782608695652176,
,,23.793478260869566,
,,23.82608695652174,
,,23.83695652173913,
,,23.869565217391305,
,,23.891304347826086,
,,23.902173913043477,
,,23.945652173913043,
,,23.956521739130434,
,,23.967391304347824,
,,23.967391304347824,
,,23.967391304347824,
,,24.01086956521739,
,,24.02173913043478,
,,24.054347826086957,
,,24.08695652173913,
,,24.108695652173914,
,,24.141304347826086,
,,24.152173913043477,
,,24.17391304347826,
,,24.195652173913043,
,,24.195652173913043,
,,24.195652173913043,
,,24.26086956521739,
,,24.282608695652176,
,,24.304347826086957,
,,24.315217391304348,
,,24.33695652173913,
,,24.347826086956523,
,,24.358695652173914,
,,24.369565217391305,
,,24.391304347826086,
,,24.391304347826086,
,,24.402173913043477,
,,24.434782608695652,
,,24.47826086956522,
,,24.51086956521739,
,,24.52173913043478,
,,24.554347826086957,
,,24.565217391304348,
,,24.619565217391305,
,,24.652173913043477,
,,24.67391304347826,
,,24.695652173913043,
,,24.717391304347824,
,,24.73913043478261,
,,24.76086956521739,
,,24.782608695652176,
,,24.804347826086957,
,,24.82608695652174,
,,24.847826086956523,
,,24.880434782608695,
,,24.902173913043477,
,,24.91304347826087,
,,24.934782608695652,
,,24.956521739130434,
,,24.967391304347824,
,,25.0,
,,25.032608695652176,
,,25.043478260869566,
,,25.07608695652174,
,,25.097826086956523,
,,25.130434782608695,
,,25.16304347826087,
,,25.195652173913043,
,,25.23913043478261,
,,25.315217391304348,
,,25.347826086956523,
,,25.369565217391305,
,,25.391304347826086,
,,25.41304347826087,
,,25.42391304347826,
,,25.434782608695652,
,,25.47826086956522,
,,25.52173913043478,
,,25.543478260869566,
,,25.554347826086957,
,,25.565217391304348,
,,25.58695652173913,
,,25.652173913043477,
,,25.695652173913043,
,,25.717391304347824,
,,25.75,
,,25.77173913043478,
,,25.793478260869566,
,,25.847826086956523,
,,25.858695652173914,
,,25.891304347826086,
,,25.91304347826087,
,,25.934782608695652,
,,25.945652173913043,
,,25.945652173913043,
,,25.956521739130434,
,,26.01086956521739,
,,26.032608695652176,
,,26.054347826086957,
,,26.07608695652174,
,,26.108695652173914,
,,26.108695652173914,
,,26.141304347826086,
,,26.16304347826087,
,,26.17391304347826,
,,26.217391304347824,
,,26.23913043478261,
,,26.26086956521739,
,,26.293478260869566,
,,26.315217391304348,
,,26.33695652173913,
,,26.439560439560438,
,,26.46153846153846,
,,26.47252747252747,
,,26.52747252747253,
,,26.54945054945055,
,,26.560439560439562,
,,26.571428571428573,
,,26.582417582417584,
,,26.604395604395606,
,,26.615384615384617,
,,26.681318681318682,
,,26.681318681318682,
,,26.692307692307693,
,,26.703296703296704,
,,26.714285714285715,
,,26.714285714285715,
,,26.714285714285715,
,,26.75824175824176,
,,26.75824175824176,
,,26.791208791208792,
,,26.802197802197803,
,,26.813186813186814,
,,26.835164835164836,
,,26.857142857142858,
,,26.912087912087912,
,,26.934065934065934,
,,27.01098901098901,
,,27.021978021978022,
,,27.054945054945055,
,,27.10989010989011,
,,27.142857142857142,
,,27.175824175824175,
,,27.197802197802197,
,,27.21978021978022,
,,27.288888888888888,
,,27.426966292134832,
,,27.43820224719101,
,,27.50561797752809,
,,27.56179775280899,
,,27.636363636363637,
,,27.681818181818183,
,,27.71590909090909,
,,27.75,
,,27.772727272727273,
,,27.84090909090909,
,,27.852272727272727,
,,27.875,
,,27.875,
,,27.886363636363637,
,,27.897727272727273,
,,27.920454545454547,
,,27.943181818181817,
,,27.943181818181817,
,,27.96590909090909,
,,27.988636363636363,
,,28.022727272727273,
,,28.03409090909091,
,,28.03409090909091,
,,28.056818181818183,
,,28.068181818181817,
,,28.09090909090909,
,,28.113636363636363,
,,28.204545454545453,
,,28.272727272727273,
,,28.28409090909091,
,,28.306818181818183,
,,28.318181818181817,
,,28.318181818181817,
,,28.34090909090909,
,,28.363636363636363,
,,28.397727272727273,
,,28.420454545454547,
,,28.46590909090909,
,,28.477272727272727,
,,28.522727272727273,
,,28.53409090909091,
,,28.556818181818183,
,,28.579545454545453,
,,28.579545454545453,
,,28.602272727272727,
,,28.625,
,,28.704545454545453,
,,28.761363636363637,
,,28.795454545454547,
,,28.829545454545453,
,,28.863636363636363,
,,28.920454545454547,
,,28.943181818181817,
,,29.0,
,,29.011363636363637,
,,29.03409090909091,
,,29.056818181818183,
,,29.079545454545453,
,,29.113636363636363,
,,29.147727272727273,
,,29.15909090909091,
,,29.181818181818183,
,,29.21590909090909,
,,29.227272727272727,
,,29.25,
,,29.25,
,,29.28409090909091,
,,29.318181818181817,
,,29.329545454545453,
,,29.34090909090909,
,,29.363636363636363,
,,29.386363636363637,
,,29.386363636363637,
,,29.431818181818183,
,,29.46590909090909,
,,29.46590909090909,
,,29.46590909090909,
,,29.5,
,,29.545454545454547,
,,29.545454545454547,
,,29.556818181818183,
,,29.613636363636363,
,,29.647727272727273,
,,29.670454545454547,
,,29.693181818181817,
,,29.727272727272727,
,,29.772727272727273,
,,29.795454545454547,
,,29.82758620689655,
,,29.93103448275862,
,,30.0,
,,30.011627906976745,
,,30.03488372093023,
,,30.058139534883722,
,,30.1046511627907,
,,30.151162790697676,
,,30.174418604651162,
,,30.197674418604652,
,,30.232558139534884,
,,30.25581395348837,
,,30.25581395348837,
,,30.313953488372093,
,,30.337209302325583,
,,30.372093023255815,
,,30.38372093023256,
,,30.406976744186046,
,,30.41860465116279,
,,30.453488372093023,
,,30.46511627906977,
,,30.511627906976745,
,,30.523255813953487,
,,30.558139534883722,
,,30.593023255813954,
,,30.61627906976744,
,,30.61627906976744,
,,30.61627906976744,
,,30.63953488372093,
,,30.697674418604652,
,,30.732558139534884,
,,30.77906976744186,
,,30.802325581395348,
,,30.813953488372093,
,,30.825581395348838,
,,30.872093023255815,
,,30.906976744186046,
,,30.976744186046513,
,,31.03488372093023,
,,31.058139534883722,
,,31.093023255813954,
,,31.127906976744185,
,,31.13953488372093,
,,31.151162790697676,
,,31.152941176470588,
,,31.2,
,,31.223529411764705,
,,31.258823529411764,
,,31.270588235294117,
,,31.294117647058822,
,,31.294117647058822,
,,31.305882352941175,
,,31.32941176470588,
,,31.36470588235294,
,,31.376470588235293,
,,31.423529411764704,
,,31.44705882352941,
,,31.49411764705882,
,,31.50588235294118,
,,31.541176470588237,
,,31.58823529411765,
,,31.623529411764707,
,,31.623529411764707,
,,31.658823529411766,
,,31.658823529411766,
,,31.67058823529412,
,,31.71764705882353,
,,31.75294117647059,
,,31.788235294117648,
,,31.8,
,,31.847058823529412,
,,31.870588235294118,
,,31.894117647058824,
,,31.929411764705883,
,,31.96470588235294,
,,32.0,
,,32.03529411764706,
,,32.04705882352941,
,,32.05882352941177,
,,32.05882352941177,
,,32.09411764705882,
,,32.11764705882353,
,,32.16470588235294,
,,32.1764705882353,
,,32.2,
,,32.21176470588235,
,,32.22352941176471,
,,32.247058823529414,
,,32.27058823529412,
,,32.34117647058824,
,,32.37647058823529,
,,32.45882352941177,
,,32.48235294117647,
,,32.51764705882353,
,,32.54117647058823,
,,32.576470588235296,
,,32.62352941176471,
,,32.62352941176471,
,,32.65882352941176,
,,32.68235294117647,
,,32.752941176470586,
,,32.77647058823529,
,,32.8,
,,32.84705882352941,
,,32.89411764705882,
,,32.95294117647059,
,,32.98823529411764,
,,33.03529411764706,
,,33.04705882352941,
,,33.082352941176474,
,,33.09411764705882,
,,33.15294117647059,
,,33.1764705882353,
,,33.2,
,,33.22352941176471,
,,33.27058823529412,
,,33.294117647058826,
,,33.32941176470588,
,,33.36470588235294,
,,33.38823529411765,
,,33.411764705882355,
,,33.423529411764704,
,,33.423529411764704,
,,33.43529411764706,
,,33.45882352941177,
,,33.48235294117647,
,,33.49411764705882,
,,33.529411764705884,
,,33.54117647058823,
,,33.56470588235294,
,,33.6,
,,33.61176470588235,
,,33.63529411764706,
,,33.68235294117647,
,,33.694117647058825,
,,33.72941176470588,
,,33.741176470588236,
,,33.752941176470586,
,,33.8,
,,33.80952380952381,
,,33.857142857142854,
,,33.86904761904762,
,,33.904761904761905,
,,33.92857142857143,
,,33.95238095238095,
,,33.964285714285715,
,,34.01190476190476,
,,34.023809523809526,
,,34.04761904761905,
,,34.11904761904762,
,,34.154761904761905,
,,34.19047619047619,
,,34.23809523809524,
,,34.273809523809526,
,,34.333333333333336,
,,34.345238095238095,
,,34.38095238095238,
,,34.404761904761905,
,,34.404761904761905,
,,34.42857142857143,
,,34.45238095238095,
,,34.476190476190474,
,,34.535714285714285,
,,34.54761904761905,
,,34.57142857142857,
,,34.57142857142857,
,,34.583333333333336,
,,34.595238095238095,
,,34.61904761904762,
,,34.714285714285715,
,,34.75,
,,34.75,
,,34.79761904761905,
,,34.82142857142857,
,,34.857142857142854,
,,34.86904761904762,
,,34.86904761904762,
,,34.892857142857146,
,,34.92857142857143,
,,34.94047619047619,
,,34.95238095238095,
,,34.964285714285715,
,,34.98809523809524,
,,35.035714285714285,
,,35.083333333333336,
,,35.107142857142854,
,,35.154761904761905,
,,35.226190476190474,
,,35.26190476190476,
,,35.285714285714285,
,,35.333333333333336,
,,35.357142857142854,
,,35.416666666666664,
,,35.44047619047619,
,,35.476190476190474,
,,35.5,
,,35.535714285714285,
,,35.54761904761905,
,,35.607142857142854,
,,35.654761904761905,
,,35.666666666666664,
,,35.69047619047619,
,,35.773809523809526,
,,35.80952380952381,
,,35.857142857142854,
,,35.857142857142854,
,,35.904761904761905,
,,35.92857142857143,
,,35.964285714285715,
,,36.0,
,,36.04761904761905,
,,36.05952380952381,
,,36.083333333333336,
,,36.107142857142854,
,,36.11904761904762,
,,36.142857142857146,
,,36.166666666666664,
,,36.17857142857143,
,,36.20238095238095,
,,36.214285714285715,
,,36.26190476190476,
,,36.357142857142854,
,,36.392857142857146,
,,36.392857142857146,
,,36.45783132530121,
,,36.45783132530121,
,,36.46987951807229,
,,36.54216867469879,
,,36.55421686746988,
,,36.57831325301205,
,,36.65060240963855,
,,36.68674698795181,
,,36.68674698795181,
,,36.69879518072289,
,,36.734939759036145,
,,36.74698795180723,
,,36.74698795180723,
,,36.78313253012048,
,,36.80722891566265,
,,36.855421686746986,
,,36.855421686746986,
,,36.9277108433735,
,,36.95180722891566,
,,36.975903614457835,
,,37.073170731707314,
,,37.073170731707314,
,,37.109756097560975,
,,37.1219512195122,
,,37.13414634146341,
,,37.18292682926829,
,,37.21951219512195,
,,37.24390243902439,
,,37.24390243902439,
,,37.292682926829265,
,,37.353658536585364,
,,37.390243902439025,
,,37.426829268292686,
,,37.48780487804878,
,,37.53658536585366,
,,37.5609756097561,
,,37.59756097560975,
,,37.6219512195122,
,,37.63414634146341,
,,37.63414634146341,
,,37.68292682926829,
,,37.707317073170735,
,,37.707317073170735,
,,37.73170731707317,
,,37.78048780487805,
,,37.81707317073171,
,,37.84146341463415,
,,37.84146341463415,
,,37.890243902439025,
,,37.926829268292686,
,,37.926829268292686,
,,37.97560975609756,
,,38.01219512195122,
,,38.048780487804876,
,,38.08536585365854,
,,38.109756097560975,
,,38.1219512195122,
,,38.15853658536585,
,,38.18292682926829,
,,38.23170731707317,
,,38.26829268292683,
,,38.292682926829265,
,,38.329268292682926,
,,38.353658536585364,
,,38.36585365853659,
,,38.426829268292686,
,,38.426829268292686,
,,38.47560975609756,
,,38.53658536585366,
,,38.548780487804876,
,,38.5609756097561,
,,38.59756097560975,
,,38.646341463414636,
,,38.69512195121951,
,,38.74390243902439,
,,38.78048780487805,
,,38.792682926829265,
,,38.80487804878049,
,,38.84146341463415,
,,38.8780487804878,
,,38.926829268292686,
,,38.97560975609756,
,,38.98780487804878,
,,39.01219512195122,
,,39.01219512195122,
,,39.03658536585366,
,,39.048780487804876,
,,39.1219512195122,
,,39.15853658536585,
,,39.18292682926829,
,,39.19512195121951,
,,39.21951219512195,
,,39.25609756097561,
,,39.292682926829265,
,,39.31707317073171,
,,39.329268292682926,
,,39.3780487804878,
,,39.41463414634146,
,,39.451219512195124,
,,39.47560975609756,
,,39.52439024390244,
,,39.548780487804876,
,,39.59756097560975,
,,39.646341463414636,
,,39.65853658536585,
,,39.68292682926829,
,,39.71951219512195,
,,39.75609756097561,
,,39.78048780487805,
,,39.829268292682926,
,,39.853658536585364,
,,39.8780487804878,
,,39.890243902439025,
,,39.90243902439025,
,,39.91463414634146,
,,39.9390243902439,
,,39.97560975609756,
,,39.98780487804878,
,,40.02439024390244,
,,40.0609756097561,
,,40.08536585365854,
,,40.09756097560975,
,,40.15853658536585,
,,40.207317073170735,
,,40.23170731707317,
,,40.26829268292683,
,,40.28048780487805,
,,40.28048780487805,
,,40.292682926829265,
,,40.36585365853659,
,,40.390243902439025,
,,40.4390243902439,
,,40.47560975609756,
,,40.52439024390244,
,,40.573170731707314,
,,40.65853658536585,
,,40.707317073170735,
,,40.74390243902439,
,,40.76829268292683,
,,40.80487804878049,
,,40.829268292682926,
,,40.84146341463415,
,,40.853658536585364,
,,40.890243902439025,
,,40.926829268292686,
,,40.97560975609756,
,,41.0,
,,41.01219512195122,
,,41.073170731707314,
,,41.098765432098766,
,,41.123456790123456,
,,41.123456790123456,
,,41.160493827160494,
,,41.19753086419753,
,,41.25925925925926,
,,41.32098765432099,
,,41.370370370370374,
,,41.382716049382715,
,,41.382716049382715,
,,41.4320987654321,
,,41.46913580246913,
,,41.53086419753087,
,,41.58024691358025,
,,41.60493827160494,
,,41.67901234567901,
,,41.67901234567901,
,,41.71604938271605,
,,41.75308641975309,
,,41.79012345679013,
,,41.80246913580247,
,,41.82716049382716,
,,41.851851851851855,
,,41.888888888888886,
,,41.91358024691358,
,,41.96296296296296,
,,41.98765432098765,
,,42.04938271604938,
,,42.074074074074076,
,,42.111111111111114,
,,42.123456790123456,
,,42.160493827160494,
,,42.17283950617284,
,,42.23456790123457,
,,42.27160493827161,
,,42.30864197530864,
,,42.370370370370374,
,,42.407407407407405,
,,42.45679012345679,
,,42.54320987654321,
,,42.5679012345679,
,,42.592592592592595,
,,42.60493827160494,
,,42.641975308641975,
,,42.67901234567901,
,,42.7037037037037,
,,42.80246913580247,
,,42.876543209876544,
,,42.901234567901234,
,,42.901234567901234,
,,42.93827160493827,
,,42.98765432098765,
,,43.03703703703704,
,,43.06172839506173,
,,43.08641975308642,
,,43.123456790123456,
,,43.148148148148145,
,,43.18518518518518,
,,43.22222222222222,
,,43.28395061728395,
,,43.30864197530864,
,,43.32098765432099,
,,43.34567901234568,
,,43.34567901234568,
,,43.39506172839506,
,,43.4320987654321,
,,43.45679012345679,
,,43.46913580246913,
,,43.50617283950617,
,,43.58024691358025,
,,43.60493827160494,
,,43.629629629629626,
,,43.65432098765432,
,,43.666666666666664,
,,43.72839506172839,
,,43.75308641975309,
,,43.77777777777778,
,,43.79012345679013,
,,43.839506172839506,
,,43.901234567901234,
,,43.93827160493827,
,,43.96296296296296,
,,44.01234567901235,
,,44.03703703703704,
,,44.06172839506173,
,,44.08641975308642,
,,44.098765432098766,
,,44.148148148148145,
,,44.148148148148145,
,,44.17283950617284,
,,44.23456790123457,
,,44.24691358024691,
,,44.28395061728395,
,,44.28395061728395,
,,44.358024691358025,
,,44.382716049382715,
,,44.407407407407405,
,,44.4320987654321,
,,44.44444444444444,
,,44.49382716049383,
,,44.53086419753087,
,,44.5679012345679,
,,44.65432098765432,
,,44.69135802469136,
,,44.75308641975309,
,,44.77777777777778,
,,44.81481481481482,
,,44.81481481481482,
,,44.851851851851855,
,,44.851851851851855,
,,44.888888888888886,
,,44.925925925925924,
,,44.95061728395062,
,,44.96296296296296,
,,44.98765432098765,
,,45.04938271604938,
,,45.074074074074076,
,,45.098765432098766,
,,45.2,
,,45.3,
,,45.3625,
,,45.375,
,,45.4375,
,,45.475,
,,45.525,
,,45.55,
,,45.6,
,,45.6,
,,45.625,
,,45.675,
,,45.7,
,,45.7375,
,,45.775,
,,45.85,
,,45.8625,
,,45.8875,
,,45.9,
,,45.925,
,,45.9375,
,,45.975,
,,46.0,
,,46.0375,
,,46.1125,
,,46.15,
,,46.1875,
,,46.25,
,,46.325,
,,46.35,
,,46.3875,
,,46.4125,
,,46.4375,
,,46.4625,
,,46.525,
,,46.5375,
,,46.625,
,,46.675,
,,46.7125,
,,46.7375,
,,46.7875,
,,46.85,
,,46.875,
,,46.8875,
,,46.8875,
,,46.9125,
,,46.975,
,,46.975,
,,47.025,
,,47.025,
,,47.075,
,,47.075,
,,47.1125,
,,47.125,
,,47.175,
,,47.2125,
,,47.2625,
,,47.2875,
,,47.3,
,,47.35,
,,47.375,
,,47.375,
,,47.4,
,,47.4,
,,47.4625,
,,47.5,
,,47.55,
,,47.5875,
,,47.6125,
,,47.6625,
,,47.7,
,,47.7375,
,,47.775,
,,47.825,
,,47.8625,
,,47.8875,
,,47.95,
,,48.0,
,,48.025,
,,48.0625,
,,48.0875,
,,48.125,
,,48.15,
,,48.175,
,,48.2125,
,,48.2375,
,,48.3,
,,48.3375,
,,48.4,
,,48.4125,
,,48.4375,
,,48.4625,
,,48.4875,
,,48.525,
,,48.6125,
,,48.6875,
,,48.75,
,,48.775,
,,48.8125,
,,48.85,
,,48.8625,
,,48.8875,
,,48.925,
,,48.9625,
,,49.0,
,,49.0625,
,,49.15,
,,49.1625,
,,49.225,
,,49.3,
,,49.3,
,,49.35,
,,49.375,
,,49.425,
,,49.4375,
,,49.475,
,,49.5375,
,,49.5875,
,,49.6125,
,,49.625,
,,49.6625,
,,49.6875,
,,49.7125,
,,49.75,
,,49.7875,
,,49.8375,
,,49.8625,
,,49.8875,
,,49.925,
,,49.975,
,,49.9875,
,,50.0,
,,50.0625,
,,50.125,
,,50.175,
,,50.2375,
,,50.278481012658226,
,,50.29113924050633,
,,50.31645569620253,
,,50.35443037974684,
,,50.392405063291136,
,,50.40506329113924,
,,50.49367088607595,
,,50.50632911392405,
,,50.53164556962025,
,,50.620253164556964,
,,50.63291139240506,
,,50.67088607594937,
,,50.721518987341774,
,,50.78481012658228,
,,50.81012658227848,
,,50.848101265822784,
,,50.860759493670884,
,,50.89873417721519,
,,50.9873417721519,
,,51.0126582278481,
,,51.0253164556962,
,,51.050632911392405,
,,51.050632911392405,
,,51.050632911392405,
,,51.075949367088604,
,,51.139240506329116,
,,51.177215189873415,
,,51.18987341772152,
,,51.22784810126582,
,,51.30379746835443,
,,51.36708860759494,
,,51.44303797468354,
,,51.48101265822785,
,,51.51898734177215,
,,51.54430379746835,
,,51.56962025316456,
,,51.607594936708864,
,,51.67088607594937,
,,51.68354430379747,
,,51.69620253164557,
,,51.721518987341774,
,,51.74683544303797,
,,51.79746835443038,
,,51.848101265822784,
,,51.91139240506329,
,,51.91139240506329,
,,51.936708860759495,
,,51.962025316455694,
,,52.0253164556962,
,,52.075949367088604,
,,52.12658227848101,
,,52.151898734177216,
,,52.18987341772152,
,,52.24050632911393,
,,52.29113924050633,
,,52.30379746835443,
,,52.32911392405063,
,,52.36708860759494,
,,52.40506329113924,
,,52.50632911392405,
,,52.54430379746835,
,,52.59493670886076,
,,52.620253164556964,
,,52.620253164556964,
,,52.620253164556964,
,,52.63291139240506,
,,52.68354430379747,
,,52.70886075949367,
,,52.734177215189874,
,,52.75949367088607,
,,52.79746835443038,
,,52.848101265822784,
,,52.87341772151899,
,,52.91139240506329,
,,52.936708860759495,
,,53.0,
,,53.08860759493671,
,,53.139240506329116,
,,53.164556962025316,
,,53.20253164556962,
,,53.278481012658226,
,,53.31645569620253,
,,53.41772151898734,
,,53.50632911392405,
,,53.54430379746835,
,,53.54430379746835,
,,53.59493670886076,
,,53.63291139240506,
,,53.67088607594937,
,,53.69620253164557,
,,53.734177215189874,
,,53.78481012658228,
,,53.81012658227848,
,,53.87341772151899,
,,53.936708860759495,
,,54.0126582278481,
,,54.050632911392405,
,,54.12658227848101,
,,54.164556962025316,
,,54.18987341772152,
,,54.21518987341772,
,,54.24050632911393,
,,54.30379746835443,
,,54.30379746835443,
,,54.34177215189873,
,,54.40506329113924,
,,54.41772151898734,
,,54.48101265822785,
,,54.49367088607595,
,,54.53164556962025,
,,54.55696202531646,
,,54.58227848101266,
,,54.64556962025316,
,,54.69620253164557,
,,54.721518987341774,
,,54.74683544303797,
,,54.822784810126585,
,,54.924050632911396,
,,55.0,
,,55.0253164556962,
,,55.063291139240505,
,,55.12658227848101,
,,55.12658227848101,
,,55.20253164556962,
,,55.25316455696203,
,,55.278481012658226,
,,55.30379746835443,
,,55.34177215189873,
,,55.41772151898734,
,,55.43037974683544,
,,55.45569620253165,
,,55.48101265822785,
,,55.54430379746835,
,,55.58227848101266,
,,55.59493670886076,
,,55.64556962025316,
,,55.67088607594937,
,,55.721518987341774,
,,55.822784810126585,
,,55.860759493670884,
,,55.89873417721519,
,,55.936708860759495,
,,56.0,
,,56.0126582278481,
,,56.08860759493671,
,,56.08860759493671,
,,56.139240506329116,
,,56.177215189873415,
,,56.22784810126582,
,,56.22784810126582,
,,56.278481012658226,
,,56.31645569620253,
,,56.379746835443036,
,,56.41772151898734,
,,56.48101265822785,
,,56.50632911392405,
,,56.55696202531646,
,,56.620253164556964,
,,56.65822784810127,
,,56.68354430379747,
,,56.734177215189874,
,,56.81012658227848,
,,56.860759493670884,
,,56.88607594936709,
,,56.936708860759495,
,,57.0,
,,57.050632911392405,
,,57.12658227848101,
,,57.177215189873415,
,,57.20253164556962,
,,57.265822784810126,
,,57.32911392405063,
,,57.40506329113924,
,,57.44303797468354,
,,57.49367088607595,
,,57.53164556962025,
,,57.54430379746835,
,,57.607594936708864,
,,57.620253164556964,
,,57.67088607594937,
,,57.721518987341774,
,,57.78481012658228,
,,57.835443037974684,
,,57.91139240506329,
,,57.924050632911396,
,,57.949367088607595,
,,58.0126582278481,
,,58.08860759493671,
,,58.139240506329116,
,,58.177215189873415,
,,58.265822784810126,
,,58.34177215189873,
,,58.392405063291136,
,,58.41772151898734,
,,58.43037974683544,
,,58.48101265822785,
,,58.51898734177215,
,,58.58227848101266,
,,58.1025641025641,
,,58.14102564102564,
,,58.15384615384615,
,,58.19230769230769,
,,58.23076923076923,
,,58.243589743589745,
,,58.256410256410255,
,,58.294871794871796,
,,58.294871794871796,
,,58.34615384615385,
,,58.37179487179487,
,,58.3974358974359,
,,58.43589743589744,
,,58.5,
,,58.52564102564103,
,,58.55128205128205,
,,58.6025641025641,
,,58.705128205128204,
,,58.782051282051285,
,,58.82051282051282,
,,58.833333333333336,
,,58.87179487179487,
,,58.91025641025641,
,,58.92307692307692,
,,58.97435897435897,
,,59.02564102564103,
,,59.12820512820513,
,,59.166666666666664,
,,59.217948717948715,
,,59.282051282051285,
,,59.30769230769231,
,,59.32051282051282,
,,59.35897435897436,
,,59.42307692307692,
,,59.44871794871795,
,,59.46153846153846,
,,59.51282051282051,
,,59.56410256410256,
,,59.61538461538461,
,,59.666666666666664,
,,59.69230769230769,
,,59.743589743589745,
,,59.76923076923077,
,,59.80769230769231,
,,59.88461538461539,
,,59.94871794871795,
,,59.97435897435897,
,,60.0,
,,60.103896103896105,
,,60.142857142857146,
,,60.15584415584416,
,,60.20779220779221,
,,60.25974025974026,
,,60.33766233766234,
,,60.41558441558441,
,,60.44155844155844,
,,60.48051948051948,
,,60.506493506493506,
,,60.54545454545455,
,,60.5974025974026,
,,60.675324675324674,
,,60.72727272727273,
,,60.81818181818182,
,,60.883116883116884,
,,60.90909090909091,
,,60.922077922077925,
,,61.02597402597402,
,,61.09090909090909,
,,61.116883116883116,
,,61.18181818181818,
,,61.23376623376623,
,,61.27272727272727,
,,61.35064935064935,
,,61.44155844155844,
,,61.51948051948052,
,,61.58441558441559,
,,61.64473684210526,
,,61.16,
,,61.17333333333333,
,,61.22666666666667,
,,61.266666666666666,
,,61.28,
,,61.346666666666664,
,,61.4,
,,61.44,
,,61.46666666666667,
,,61.53333333333333,
,,61.586666666666666,
,,61.693333333333335,
,,61.76,
,,61.8,
,,61.82666666666667,
,,61.88,
,,61.906666666666666,
,,61.96,
,,61.986666666666665,
,,62.053333333333335,
,,62.2,
,,62.21333333333333,
,,62.25333333333333,
,,62.29333333333334,
,,62.38666666666666,
,,62.413333333333334,
,,62.48,
,,62.54666666666667,
,,62.57333333333333,
,,62.61333333333334,
,,62.653333333333336,
,,62.693333333333335,
,,62.77333333333333,
,,62.84,
,,62.89333333333333,
,,62.93333333333333,
,,62.973333333333336,
,,63.013333333333335,
,,63.053333333333335,
,,63.053333333333335,
,,63.10666666666667,
,,63.17333333333333,
,,63.21333333333333,
,,63.346666666666664,
,,63.42666666666667,
,,63.44,
,,63.50666666666667,
,,63.57333333333333,
,,63.57333333333333,
,,63.61333333333334,
,,63.653333333333336,
,,63.72,
,,63.76,
,,63.85333333333333,
,,63.88,
,,63.906666666666666,
,,63.96,
,,64.0,
,,64.04,
,,64.10666666666667,
,,64.17333333333333,
,,64.22666666666667,
,,64.28,
,,64.34666666666666,
,,64.44,
,,64.45333333333333,
,,64.49333333333334,
,,64.54666666666667,
,,64.6,
,,64.68,
,,64.74666666666667,
,,64.77333333333333,
,,64.86666666666666,
,,64.88,
,,64.89333333333333,
,,64.93333333333334,
,,64.94666666666667,
,,65.02666666666667,
,,65.09333333333333,
,,65.12,
,,65.18666666666667,
,,65.24,
,,65.26666666666667,
,,65.29333333333334,
,,65.33333333333333,
,,65.37333333333333,
,,65.41333333333333,
,,65.48,
,,65.50666666666666,
,,65.57333333333334,
,,65.65333333333334,
,,65.72,
,,65.76,
,,65.8,
,,65.84,
,,65.88,
,,65.98666666666666,
,,66.06666666666666,
,,66.12,
,,66.17333333333333,
,,66.17333333333333,
,,66.25333333333333,
,,66.34666666666666,
,,66.41333333333333,
,,66.42666666666666,
,,66.46666666666667,
,,66.50666666666666,
,,66.53333333333333,
,,66.6,
,,66.62666666666667,
,,66.68,
,,66.72,
,,66.77333333333333,
,,66.84,
,,66.89333333333333,
,,66.93333333333334,
,,67.05333333333333,
,,67.06666666666666,
,,67.14666666666666,
,,67.21333333333334,
,,67.25333333333333,
,,67.32,
,,67.33333333333333,
,,67.38666666666667,
,,67.44,
,,67.46666666666667,
,,67.48,
,,67.54666666666667,
,,67.58666666666667,
,,67.64,
,,67.70666666666666,
,,67.76,
,,67.84,
,,67.88,
,,67.97333333333333,
,,68.06666666666666,
,,68.13333333333334,
,,68.18666666666667,
,,68.28378378378379,
,,68.39189189189189,
,,68.43243243243244,
,,68.48648648648648,
,,68.55405405405405,
,,68.62162162162163,
,,68.52054794520548,
,,68.58904109589041,
,,68.25,
,,68.45070422535211,
,,68.56338028169014,
,,68.5774647887324,
,,68.67605633802818,
,,68.74647887323944,
,,68.80281690140845,
,,68.87323943661971,
,,68.92957746478874,
,,69.02816901408451,
,,69.08450704225352,
,,69.16901408450704,
,,69.21126760563381,
,,69.28169014084507,
,,69.33802816901408,
,,69.40845070422536,
,,69.46478873239437,
,,69.53521126760563,
,,69.61971830985915,
,,69.67605633802818,
,,69.7605633802817,
,,69.80281690140845,
,,69.90140845070422,
,,69.95774647887323,
,,70.01408450704226,
,,70.07042253521126,
,,70.1830985915493,
,,70.2394366197183,
,,70.25352112676056,
,,70.30985915492958,
,,70.33802816901408,
,,70.3943661971831,
,,70.47887323943662,
,,70.54929577464789,
,,70.64788732394366,
,,70.7605633802817,
,,70.78873239436619,
,,70.85915492957747,
,,70.92957746478874,
,,71.02816901408451,
,,70.68571428571428,
,,70.72857142857143,
,,70.82857142857142,
,,70.9,
,,70.98571428571428,
,,71.02857142857142,
,,71.14285714285714,
,,71.21428571428571,
,,71.25714285714285,
,,71.32857142857142,
,,71.34285714285714,
,,71.37142857142857,
,,71.45714285714286,
,,71.48571428571428,
,,71.58571428571429,
,,71.65714285714286,
,,71.74285714285715,
,,71.88571428571429,
,,71.95714285714286,
,,72.1,
,,72.2,
,,72.27142857142857,
,,72.35714285714286,
,,72.45714285714286,
,,72.14492753623189,
,,72.20289855072464,
,,72.2463768115942,
,,72.31884057971014,
,,72.3913043478261,
,,72.44927536231884,
,,72.55072463768116,
,,72.6376811594203,
,,72.32352941176471,
,,72.33823529411765,
,,72.3970588235294,
,,72.47058823529412,
,,72.51470588235294,
,,72.6029411764706,
,,72.69117647058823,
,,72.76470588235294,
,,72.83823529411765,
,,72.92647058823529,
,,73.0,
,,73.04411764705883,
,,73.17647058823529,
,,72.85074626865672,
,,72.94029850746269,
,,73.02985074626865,
,,73.14925373134328,
,,73.23880597014926,
,,73.29850746268657,
,,73.3731343283582,
,,73.4776119402985,
,,73.6268656716418,
,,73.3030303030303,
,,73.37878787878788,
,,73.46969696969697,
,,73.15384615384616,
,,73.24615384615385,
,,73.35384615384615,
,,73.0625,
,,73.15625,
,,73.203125,
,,73.25,
,,73.3125,
,,72.93650793650794,
,,73.04761904761905,
,,73.11111111111111,
,,73.19047619047619,
,,73.28571428571429,
,,73.36507936507937,
,,73.46031746031746,
,,73.52380952380952,
,,73.58730158730158,
,,73.63492063492063,
,,73.58064516129032,
,,73.62903225806451,
,,73.79032258064517,
,,73.90322580645162,
,,73.57377049180327,
,,73.72131147540983,
,,73.8360655737705,
,,73.90163934426229,
,,73.98360655737704,
,,73.65,
,,73.71666666666667,
,,73.81666666666666,
,,73.42372881355932,
,,73.55932203389831,
,,73.62711864406779,
,,73.25862068965517,
,,73.3103448275862,
,,73.43103448275862,
,,73.5,
,,73.55172413793103,
,,73.60344827586206,
,,73.70689655172414,
,,73.75862068965517,
,,73.86206896551724,
,,73.91379310344827,
,,73.98275862068965,
,,74.13793103448276,
,,73.73684210526316,
,,73.33928571428571,
,,73.35714285714286,
,,73.42857142857143,
,,73.51785714285714,
,,73.55357142857143,
,,73.67857142857143,
,,73.71428571428571,
,,73.76785714285714,
,,73.83928571428571,
,,73.875,
,,74.05357142857143,
,,74.14285714285714,
,,74.19642857142857,
,,74.25,
,,74.26785714285714,
,,74.33928571428571,
,,74.44642857142857,
,,74.58928571428571,
,,74.58928571428571,
,,74.67857142857143,
,,74.73214285714286,
,,74.82142857142857,
,,74.94642857142857,
,,75.01785714285714,
,,74.98181818181818,
,,75.03636363636363,
,,75.10909090909091,
,,75.14545454545454,
,,75.2,
,,75.25454545454545,
,,75.38181818181818,
,,75.45454545454545,
,,75.49090909090908,
,,75.58181818181818,
,,75.63636363636364,
,,75.69090909090909,
,,75.8,
,,75.94545454545455,
,,76.01818181818182,
,,76.12727272727273,
,,76.27272727272727,
,,75.94444444444444,
,,76.0,
,,76.07407407407408,
,,76.14814814814815,
,,76.22222222222223,
,,76.29629629629629,
,,76.44444444444444,
,,76.5,
,,76.61111111111111,
,,76.70370370370371,
,,76.81481481481481,
,,76.43396226415095,
,,76.52830188679245,
,,76.66037735849056,
,,76.79245283018868,
,,76.90566037735849,
,,76.5,
,,76.59615384615384,
,,76.63461538461539,
,,76.78846153846153,
,,76.82692307692308,
,,76.98076923076923,
,,77.03846153846153,
,,77.13461538461539,
,,77.21153846153847,
,,76.86274509803921,
,,76.96078431372548,
,,76.98039215686275,
,,77.07843137254902,
,,76.74,
,,76.8,
,,76.88,
,,76.96,
,,77.04,
,,77.1,
,,77.22,
,,77.32,
,,77.4,
,,77.48,
,,77.58,
,,77.66,
,,77.26530612244898,
,,77.44897959183673,
,,77.53061224489795,
,,77.65306122448979,
,,77.79591836734694,
,,77.91836734693878,
,,78.0,
,,78.12244897959184,
,,77.79166666666667,
,,77.91666666666667,
,,77.51063829787235,
,,77.59574468085107,
,,77.74468085106383,
,,77.7872340425532,
,,77.95744680851064,
,,78.0,
,,77.58695652173913,
,,77.67391304347827,
,,77.73913043478261,
,,77.80434782608695,
,,77.84782608695652,
,,77.93478260869566,
,,78.08695652173913,
,,78.19565217391305,
,,78.32608695652173,
,,78.45652173913044,
,,78.06666666666666,
,,78.22222222222223,
,,78.28888888888889,
,,78.37777777777778,
,,78.46666666666667,
,,78.53333333333333,
,,78.66666666666667,
,,78.73333333333333,
,,78.84444444444445,
,,78.93333333333334,
,,79.06666666666666,
,,79.15555555555555,
,,79.28888888888889,
,,79.37777777777778,
,,79.46666666666667,
,,79.5111111111111,
,,79.1590909090909,
,,79.27272727272727,
,,79.38636363636364,
,,79.04651162790698,
,,79.06976744186046,
,,79.18604651162791,
,,79.20930232558139,
,,79.30232558139535,
,,79.4186046511628,
,,79.51162790697674,
,,79.65116279069767,
,,79.79069767441861,
,,79.83720930232558,
,,79.97674418604652,
,,80.11627906976744,
,,80.20930232558139,
,,80.27906976744185,
,,80.34883720930233,
,,80.44186046511628,
,,80.16666666666667,
,,80.26190476190476,
,,80.42857142857143,
,,80.47619047619048,
,,80.5,
,,80.5952380952381,
,,80.76190476190476,
,,80.83333333333333,
,,80.92857142857143,
,,80.97619047619048,
,,81.14285714285714,
,,81.23809523809524,
,,81.38095238095238,
,,81.42857142857143,
,,81.64285714285714,
,,81.71428571428571,
,,81.80952380952381,
,,81.88095238095238,
,,82.0,
,,82.04761904761905,
,,82.11904761904762,
,,82.19047619047619,
,,82.33333333333333,
,,82.42857142857143,
,,82.14634146341463,
,,82.26829268292683,
,,81.875,
,,82.05,
,,82.175,
,,82.225,
,,82.4,
,,82.45,
,,82.55,
,,82.65,
,,82.825,
,,82.975,
,,83.125,
,,83.325,
,,83.525,
,,83.675,
,,83.875,
,,84.075,
,,83.7948717948718,
,,83.87179487179488,
,,83.97435897435898,
,,84.1025641025641,
,,84.2051282051282,
,,84.35897435897436,
,,84.64102564102564,
,,84.36842105263158,
,,84.52631578947368,
,,84.63157894736842,
,,84.4054054054054,
,,83.54285714285714,
,,83.74285714285715,
,,83.41176470588235,
,,83.52941176470588,
,,83.67647058823529,
,,83.82352941176471,
,,84.05882352941177,
,,84.1470588235294,
,,83.81818181818181,
,,83.96969696969697,
,,84.12121212121212,
,,83.625,
,,83.71875,
,,83.84375,
,,84.0,
,,83.61290322580645,
,,83.74193548387096,
,,83.90322580645162,
,,84.0,
,,84.19354838709677,
,,84.2258064516129,
,,84.35483870967742,
,,83.96666666666667,
,,84.06666666666666,
,,84.26666666666667,
,,84.46666666666667,
,,83.96551724137932,
,,84.17241379310344,
,,83.78571428571429,
,,83.96428571428571,
,,84.14285714285714,
,,84.32142857142857,
,,84.53571428571429,
,,84.57142857142857,
,,84.78571428571429,
,,84.48148148148148,
,,84.70370370370371,
,,84.88888888888889,
,,84.5,
,,83.375,
,,83.5,
,,82.8695652173913,
,,82.91304347826087,
,,83.04347826086956,
,,83.08695652173913,
,,83.30434782608695,
,,83.52173913043478,
,,83.52173913043478,
,,83.65217391304348,
,,83.69565217391305,
,,83.91304347826087,
,,84.1304347826087,
,,84.26086956521739,
,,84.43478260869566,
,,84.52173913043478,
,,84.82608695652173,
,,84.27272727272727,
,,84.36363636363636,
,,84.5,
,,84.68181818181819,
,,84.95454545454545,
,,85.04545454545455,
,,85.13636363636364,
,,85.22727272727273,
,,85.5,
,,85.68181818181819,
,,85.19047619047619,
,,84.7,
,,84.95,
,,83.38888888888889,
,,83.55555555555556,
,,83.66666666666667,
,,83.94444444444444,
,,83.17647058823529,
,,83.17647058823529,
,,83.3529411764706,
,,83.47058823529412,
,,83.70588235294117,
,,83.94117647058823,
,,83.125,
,,83.375,
,,83.5,
,,83.625,
,,82.73333333333333,
,,82.93333333333334,
,,81.92857142857143,
,,80.6923076923077,
,,80.6923076923077,
,,80.76923076923077,
,,80.76923076923077,
,,80.84615384615384,
,,81.15384615384616,
,,81.23076923076923,
,,81.3076923076923,
,,81.46153846153847,
,,81.53846153846153,
,,81.61538461538461,
,,81.84615384615384,
,,82.0,
,,82.23076923076923,
,,80.83333333333333,
,,80.83333333333333,
,,81.0,
,,81.08333333333333,
,,81.16666666666667,
,,81.16666666666667,
,,81.25,
,,81.41666666666667,
,,81.58333333333333,
,,81.58333333333333,
,,81.58333333333333,
,,81.75,
,,81.83333333333333,
,,81.83333333333333,
,,82.0,
,,82.08333333333333,
,,82.08333333333333,
,,82.25,
,,82.41666666666667,
,,82.5,
,,82.5,
,,82.66666666666667,
,,82.91666666666667,
,,83.0,
,,83.0,
,,83.0,
,,83.16666666666667,
,,83.41666666666667,
,,83.5,
,,83.66666666666667,
,,83.75,
,,83.83333333333333,
,,84.0,
,,84.08333333333333,
,,82.63636363636364,
,,82.72727272727273,
,,83.0,
,,83.0909090909091,
,,83.27272727272727,
,,83.36363636363636,
,,83.45454545454545,
,,83.54545454545455,
,,83.72727272727273,
,,83.81818181818181,
,,84.18181818181819,
,,82.6,
,,82.8,
,,82.8,
,,82.8,
,,82.8,
,,82.9,
,,83.1,
,,83.5,
,,83.5,
,,83.6,
,,83.6,
,,83.7,
,,83.8,
,,83.9,
,,84.1,
,,84.2,
,,84.3,
,,82.77777777777777,
,,83.11111111111111,
,,83.11111111111111,
,,83.22222222222223,
,,83.33333333333333,
,,83.44444444444444,
,,83.55555555555556,
,,83.77777777777777,
,,83.88888888888889,
,,84.22222222222223,
,,84.22222222222223,
,,84.44444444444444,
,,84.44444444444444,
,,84.55555555555556,
,,82.875,
,,83.0,
,,83.125,
,,83.25,
,,83.375,
,,83.375,
,,83.625,
,,83.75,
,,83.875,
,,84.0,
,,84.125,
,,84.125,
,,84.125,
,,84.375,
,,84.5,
,,84.625,
,,84.875,
,,85.125,
,,85.25,
,,85.5,
,,85.875,
,,84.0,
,,84.0,
,,84.0,
,,84.14285714285714,
,,84.42857142857143,
,,84.42857142857143,
,,84.42857142857143,
,,84.42857142857143,
,,84.71428571428571,
,,84.85714285714286,
,,85.0,
,,85.0,
,,85.0,
,,85.14285714285714,
,,85.42857142857143,
,,85.57142857142857,
,,85.71428571428571,
,,85.85714285714286,
,,86.0,
,,84.0,
,,84.16666666666667,
,,84.33333333333333,
,,84.33333333333333,
,,84.66666666666667,
,,84.83333333333333,
,,84.83333333333333,
,,85.0,
,,85.0,
,,85.16666666666667,
,,85.16666666666667,
,,85.5,
,,85.66666666666667,
,,85.83333333333333,
,,86.16666666666667,
,,83.4,
,,83.6,
,,83.8,
,,84.0,
,,84.4,
,,84.6,
,,85.0,
,,85.0,
,,85.0,
,,85.0,
,,85.0,
,,85.4,
,,85.6,
,,85.6,
,,85.6,
,,85.8,
,,85.8,
,,85.8,
,,86.2,
,,86.6,
,,86.6,
,,86.6,
,,87.0,
,,87.2,
,,87.2,
,,87.4,
,,87.4,
,,87.6,
,,87.6,
,,87.8,
,,88.0,
,,88.4,
,,88.4,
,,88.6,
,,89.0,
,,89.0,
,,89.2,
,,89.4,
,,89.4,
,,89.4,
,,89.8,
,,89.8,
,,90.4,
,,88.25,
,,88.25,
,,88.5,
,,88.75,
,,88.75,
,,89.0,
,,89.25,
,,89.25,
,,89.25,
,,89.5,
,,90.0,
,,90.25,
,,90.5,
,,87.33333333333333,
,,87.66666666666667,
,,88.0,
,,88.0,
,,88.33333333333333,
,,88.33333333333333,
,,88.33333333333333,
,,88.33333333333333,
,,88.66666666666667,
,,89.0,
,,89.0,
,,89.33333333333333,
,,89.33333333333333,
,,89.33333333333333,
,,89.66666666666667,
,,89.66666666666667,
,,90.0,
,,90.0,
,,90.0,
,,90.33333333333333,
,,90.66666666666667,
,,91.0,
,,91.0,
,,91.33333333333333,
,,91.33333333333333,
,,91.33333333333333,
,,92.0,
,,92.33333333333333,
,,92.66666666666667,
,,93.0,
,,93.33333333333333,
,,90.0,
,,90.0,
,,90.5,
,,91.0,
,,91.0,
,,91.5,
,,83.0,
,,83.0,
,,83.0,
,,83.0,
,,83.0,
,,83.0,
,,83.0,
,,84.0,
,,84.0,
,,84.0,
,,84.0,
,,84.0,
,,84.0,
,,84.0,
,,84.0,
,,84.0,
,,85.0,
,,85.0,
,,85.0,
,,85.0,
,,85.0,
,,85.0,
,,85.0,
,,86.0,
,,86.0,
,,86.0,
,,86.0,
,,86.0,
,,86.0,
,,86.0,
,,86.0,
,,86.0,
,,86.0,
,,86.0,
,,86.0,
,,87.0,
,,87.0,
,,87.0,
,,87.0,
,,87.0,
,,88.0,
,,88.0,
,,88.0,
,,88.0,
,,88.0,
,,88.0,
,,88.0,
,,88.0,
,,89.0,
,,89.0,
,,89.0,
,,89.0,
,,89.0,
,,89.0,
,,89.0,
,,90.0,
,,91.0,
,,91.0,
,,91.0,
,,91.0,
,,91.0,
,,91.0,
,,91.0,
,,91.0,
,,91.0,
,,91.0,
,,92.0,
,,92.0,
,,92.0,
,,92.0,
,,92.0,
,,93.0,
,,93.0,
,,93.0,
,,93.0,
,,93.0,
,,93.0,
,,93.0,
,,94.0,
,,94.0,
,,94.0,
,,94.0,
,,95.0,
,,95.0,
,,95.0,
,,95.0,
,,95.0,
,,95.0,
,,96.0,
,,96.0,
,,96.0,
,,96.0,
,,97.0,
,,97.0,
,,98.0,
,,98.0,
,,98.0,
,,99.0,
,,100.0,
